﻿<?xml version="1.0" encoding="utf-8"?>
<FileList Redist="Xamarin.iOS" Name="Xamarin.iOS Base Class Libraries">
  <File AssemblyName="Microsoft.CSharp" />
  <File AssemblyName="Microsoft.Win32.Primitives" />
  <File AssemblyName="System.AppContext" />
  <File AssemblyName="System.Collections" />
  <File AssemblyName="System.Collections.Concurrent" />
  <File AssemblyName="System.Collections.NonGeneric" />
  <File AssemblyName="System.Collections.Specialized" />
  <File AssemblyName="System.ComponentModel" />
  <File AssemblyName="System.ComponentModel.Annotations" />
  <File AssemblyName="System.ComponentModel.EventBasedAsync" />
  <File AssemblyName="System.ComponentModel.Primitives" />
  <File AssemblyName="System.ComponentModel.TypeConverter" />
  <File AssemblyName="System.Console" />
  <File AssemblyName="System.Data.Common" />
  <File AssemblyName="System.Data.SqlClient" />
  <File AssemblyName="System.Diagnostics.Contracts" />
  <File AssemblyName="System.Diagnostics.Debug" />
  <File AssemblyName="System.Diagnostics.FileVersionInfo" />
  <File AssemblyName="System.Diagnostics.PerformanceCounter" />
  <File AssemblyName="System.Diagnostics.Process" />
  <File AssemblyName="System.Diagnostics.StackTrace" />
  <File AssemblyName="System.Diagnostics.TextWriterTraceListener" />
  <File AssemblyName="System.Diagnostics.Tools" />
  <File AssemblyName="System.Diagnostics.TraceEvent" />
  <File AssemblyName="System.Diagnostics.TraceSource" />
  <File AssemblyName="System.Diagnostics.Tracing" />
  <File AssemblyName="System.Dynamic.Runtime" />
  <File AssemblyName="System.Globalization" />
  <File AssemblyName="System.Globalization.Calendars" />
  <File AssemblyName="System.Globalization.Extensions" />
  <File AssemblyName="System.IO" />
  <File AssemblyName="System.IO.Compression" />
  <File AssemblyName="System.IO.Compression.ZipFile" />
  <File AssemblyName="System.IO.FileSystem" />
  <File AssemblyName="System.IO.FileSystem.DriveInfo" />
  <File AssemblyName="System.IO.FileSystem.Primitives" />
  <File AssemblyName="System.IO.FileSystem.Watcher" />
  <File AssemblyName="System.IO.IsolatedStorage" />
  <File AssemblyName="System.IO.MemoryMappedFiles" />
  <File AssemblyName="System.IO.UnmanagedMemoryStream" />
  <File AssemblyName="System.Linq" />
  <File AssemblyName="System.Linq.Expressions" />
  <File AssemblyName="System.Linq.Parallel" />
  <File AssemblyName="System.Linq.Queryable" />
  <File AssemblyName="System.Net.AuthenticationManager" />
  <File AssemblyName="System.Net.Cache" />
  <File AssemblyName="System.Net.Http" />
  <File AssemblyName="System.Net.Http.WebRequestHandler" />
  <File AssemblyName="System.Net.HttpListener" />
  <File AssemblyName="System.Net.Mail" />
  <File AssemblyName="System.Net.NameResolution" />
  <File AssemblyName="System.Net.NetworkInformation" />
  <File AssemblyName="System.Net.Primitives" />
  <File AssemblyName="System.Net.Requests" />
  <File AssemblyName="System.Net.Security" />
  <File AssemblyName="System.Net.ServicePoint" />
  <File AssemblyName="System.Net.Sockets" />
  <File AssemblyName="System.Net.Utilities" />
  <File AssemblyName="System.Net.WebHeaderCollection" />
  <File AssemblyName="System.Net.WebSockets" />
  <File AssemblyName="System.Net.WebSockets.Client" />
  <File AssemblyName="System.Numerics.Vectors" />
  <File AssemblyName="System.ObjectModel" />
  <File AssemblyName="System.Reflection" />
  <File AssemblyName="System.Reflection.DispatchProxy" />
  <File AssemblyName="System.Reflection.Extensions" />
  <File AssemblyName="System.Reflection.Primitives" />
  <File AssemblyName="System.Reflection.TypeExtensions" />
  <File AssemblyName="System.Resources.ReaderWriter" />
  <File AssemblyName="System.Resources.ResourceManager" />
  <File AssemblyName="System.Runtime" />
  <File AssemblyName="System.Runtime.CompilerServices.VisualC" />
  <File AssemblyName="System.Runtime.Extensions" />
  <File AssemblyName="System.Runtime.Handles" />
  <File AssemblyName="System.Runtime.InteropServices" />
  <File AssemblyName="System.Runtime.InteropServices.RuntimeInformation" />
  <File AssemblyName="System.Runtime.Numerics" />
  <File AssemblyName="System.Runtime.Serialization.Json" />
  <File AssemblyName="System.Runtime.Serialization.Primitives" />
  <File AssemblyName="System.Runtime.Serialization.Xml" />
  <File AssemblyName="System.Security.Claims" />
  <File AssemblyName="System.Security.Cryptography.Algorithms" />
  <File AssemblyName="System.Security.Cryptography.Csp" />
  <File AssemblyName="System.Security.Cryptography.Encoding" />
  <File AssemblyName="System.Security.Cryptography.Primitives" />
  <File AssemblyName="System.Security.Cryptography.ProtectedData" />
  <File AssemblyName="System.Security.Cryptography.X509Certificates" />
  <File AssemblyName="System.Security.Principal" />
  <File AssemblyName="System.Security.SecureString" />
  <File AssemblyName="System.ServiceModel.Http" />
  <File AssemblyName="System.ServiceModel.Primitives" />
  <File AssemblyName="System.Text.Encoding" />
  <File AssemblyName="System.Text.Encoding.CodePages" />
  <File AssemblyName="System.Text.Encoding.Extensions" />
  <File AssemblyName="System.Text.RegularExpressions" />
  <File AssemblyName="System.Threading" />
  <File AssemblyName="System.Threading.Tasks" />
  <File AssemblyName="System.Threading.Tasks.Parallel" />
  <File AssemblyName="System.Threading.Thread" />
  <File AssemblyName="System.Threading.ThreadPool" />
  <File AssemblyName="System.Threading.Timer" />
  <File AssemblyName="System.Xml.ReaderWriter" />
  <File AssemblyName="System.Xml.XDocument" />
  <File AssemblyName="System.Xml.XmlDocument" />
  <File AssemblyName="System.Xml.XmlSerializer" />
  <File AssemblyName="System.Xml.XPath" />
  <File AssemblyName="System.Xml.XPath.XDocument" />
  <File AssemblyName="System.Xml.XPath.XmlDocument" />
  <File AssemblyName="System.Xml.Xsl.Primitives" />
</FileList>
